{
  "auto_push.ps1": 1776276167.6516542,
  "test_api.py": 1776113235.2110937,
  "app\\dashboard.py": 1771965120.135,
  "backend\\app.py": 1776509744.3009634,
  "backend\\prefetch_cache.py": 1776108824.601534,
  "backend\\scratch_accel.py": 1776357808.9741533,
  "backend\\scratch_laps.py": 1776359627.4726732,
  "backend\\scratch_test.py": 1776357745.7460773,
  "backend\\scratch_track.py": 1776359669.7180717,
  "backend\\test_fastf1.py": 1776287832.8548667,
  "backend\\test_phase2.py": 1776288506.7685902,
  "frontend\\eslint.config.js": 1776104081.4774742,
  "frontend\\vite.config.js": 1776104573.8356552,
  "frontend\\src\\App.jsx": 1776509865.9600544,
  "frontend\\src\\main.jsx": 1776198786.3829021,
  "frontend\\src\\TelemetryChart.jsx": 1776104269.7800372,
  "frontend\\src\\components\\AccelerationChart.jsx": 1776358962.9672062,
  "frontend\\src\\components\\BrakeAccelPerformance.jsx": 1776509824.1528227,
  "frontend\\src\\components\\CornerClassification.jsx": 1776509826.183457,
  "frontend\\src\\components\\DeltaAnalysis.jsx": 1776359382.353724,
  "frontend\\src\\components\\DetailedLapData.jsx": 1776360424.4293108,
  "frontend\\src\\components\\DriverPositionChart.jsx": 1776288607.7142842,
  "frontend\\src\\components\\ErrorBoundary.jsx": 1776200867.0579743,
  "frontend\\src\\components\\FlagsTimeline.jsx": 1776287498.3773234,
  "frontend\\src\\components\\IdealLapRanking.jsx": 1776365151.1608305,
  "frontend\\src\\components\\LapComparisonModal.jsx": 1776277516.0652027,
  "frontend\\src\\components\\LapTimeBoxPlot.jsx": 1776361086.7753913,
  "frontend\\src\\components\\LineChart.jsx": 1776358821.5503466,
  "frontend\\src\\components\\LongRunAnalysis.jsx": 1776361162.2097077,
  "frontend\\src\\components\\PedalBehavior.jsx": 1776361112.7090416,
  "frontend\\src\\components\\PitstopAnalysis.jsx": 1776287496.348548,
  "frontend\\src\\components\\PlaybackControls.jsx": 1776193567.1060517,
  "frontend\\src\\components\\Sidebar.jsx": 1776510062.2118683,
  "frontend\\src\\components\\StraightLineSpeed.jsx": 1776509798.058966,
  "frontend\\src\\components\\TemperatureAnalysis.jsx": 1776287489.8729842,
  "frontend\\src\\components\\ThrottleCornerAnalysis.jsx": 1776361136.5351639,
  "frontend\\src\\components\\TireStrategyGrid.jsx": 1776289550.9938147,
  "frontend\\src\\components\\TrackMap.jsx": 1776288631.659505,
  "frontend\\src\\components\\TrafficHeatmap.jsx": 1776289569.1256788,
  "frontend\\src\\components\\WindowCard.jsx": 1776289293.9842625,
  "src\\data_cleaning.py": 1771960156.2163608,
  "src\\data_collection.py": 1770464961.920681,
  "src\\data_processing.py": 1770464961.986989,
  "src\\feature_engineering.py": 1771960508.475324,
  "src\\ml_model.py": 1772043606.4609382,
  "src\\pit_optimizer.py": 1772045803.7088199,
  "src\\race_simulator.py": 1772047497.523261,
  "src\\risk_detection.py": 1771961053.5121286,
  "src\\risk_model.py": 1770464962.1872795,
  "src\\risk_rules.py": 1770464962.1064925,
  "src\\strategy_alerts.py": 1771961313.384995,
  "src\\undercut_detection.py": 1771961196.0783973,
  "AGENTS.md": 1776513977.0465858,
  "CLAUDE.md": 1776514879.1383135,
  "GEMINI.md": 1776514890.7610703,
  "PRD.md": 1776509559.6082616,
  "progress.txt": 1776510127.8761232,
  "README.md": 1776206672.7910817,
  "backend\\requirements.txt": 1776104011.7894032,
  "frontend\\build_desktop.txt": 1776107940.627693,
  "frontend\\build_err.txt": 1776104553.097478,
  "frontend\\index.html": 1776104096.4174216,
  "frontend\\README.md": 1776104081.8350558,
  "frontend\\public\\favicon.svg": 1776104082.2296455,
  "frontend\\public\\icons.svg": 1776104082.5531793,
  "frontend\\src\\assets\\hero.png": 1776104081.9678776,
  "frontend\\src\\assets\\react.svg": 1776104082.789204,
  "frontend\\src\\assets\\vite.svg": 1776104082.9032369
}